fppc,det rate,tp,fp,fn,map,map_50,image_id
0.03209,0.99465,186,6,1,0.28106778860092163,0.5346534848213196,20220627_51
0.04367,0.96507,221,10,8,0.22456587851047516,0.4330693483352661,20220627_45
0.0226,0.95763,339,8,15,0.1300865113735199,0.2754455506801605,20220627_22
0.01587,0.98413,186,3,3,0.2663625478744507,0.5229703187942505,20220627_50
0.11111,0.87879,87,11,12,0.3651798367500305,0.7613023519515991,20220627_70
0.04571,0.96,168,8,7,0.2597343623638153,0.5280858278274536,20220627_9
0.01606,0.96386,240,4,9,0.19846732914447784,0.3948514461517334,20220627_41
0.03448,0.98621,143,5,2,0.3031578063964844,0.6543635129928589,20220627_10
