fppc,det rate,tp,fp,fn,map,map_50,image_id
0.57692,0.92308,48,30,4,0.04894291236996651,0.2130030244588852,20220627_59
0.01285,0.84833,330,5,59,0.15194819867610931,0.25633662939071655,20220627_14
0.02597,0.97835,226,6,5,0.22577668726444244,0.42376238107681274,20220627_42
1.25,0.5,2,5,2,0.01029702927917242,0.05148514732718468,20220627_71
0.10476,0.84762,178,22,32,0.18238581717014313,0.42141443490982056,20220627_65
0.02198,0.93956,171,4,11,0.2583875358104706,0.5445544719696045,20220627_49
0.06944,0.97685,211,15,5,0.18514174222946167,0.40437349677085876,20220627_47
0.22857,0.88571,62,16,8,0.3019057810306549,0.6872765421867371,20220627_67
