fppc,det rate,tp,fp,fn,map,map_50,image_id
0.03687,0.98618,214,8,3,0.2194807529449463,0.43149879574775696,20220627_26
0.02956,0.99015,201,6,2,0.24898897111415863,0.49504950642585754,20220627_35
0.375,1.0,16,6,0,0.4506433606147766,0.8765958547592163,20220627_27
0.11712,0.94595,210,26,12,0.2167932242155075,0.4433663487434387,20220627_2
0.01322,0.99119,225,3,2,0.1911531388759613,0.4338613748550415,20220627_44
0.03448,0.98276,114,4,2,0.3596227467060089,0.8146452903747559,20220627_25
0.02358,0.99057,210,5,2,0.23869368433952332,0.4647524356842041,20220627_33
0.16667,1.0,54,9,0,0.4744519889354706,0.9382134079933167,20220627_58
