fppc,det rate,tp,fp,fn,image_id
0.0303,0.95455,126,4,6,200021869-00006_1
0.02235,0.97765,350,8,8,200014685-00021_1
0.02439,1.0,41,1,0,hnsd010-010
0.00498,0.97512,196,1,5,hnsd009-022
2.33333,1.0,3,7,0,hnsd009-013
0.03608,0.97938,190,7,4,200021802-00038_1
0.01389,0.98611,213,3,3,hnsd003-020
0.0202,0.9596,190,4,8,200021802-00019_2
0.00651,0.85016,522,4,92,200014685-00010_1
0.03608,0.98454,191,7,3,200021802-00035_2
0.00957,0.96651,202,2,7,hnsd002-026
0.0303,1.0,33,1,0,hnsd011-010
