fppc,det rate,tp,fp,fn,map,map_50,image_id
0.1145,0.96183,126,15,5,0.3070896565914154,0.6633504629135132,20220627_4
0.35714,0.78571,11,5,3,0.1943879872560501,0.5193588137626648,20220627_5
0.0777,0.85135,252,23,44,0.18646365404129028,0.3350679278373718,20220627_20
0.02335,0.89883,231,6,26,0.18634973466396332,0.3854265809059143,20220627_40
0.01606,0.91165,227,4,22,0.17889046669006348,0.40594059228897095,20220627_41
0.04688,0.96354,185,9,7,0.188629150390625,0.5073267817497253,20220627_37
0.02198,0.92857,169,4,13,0.24921883642673492,0.5445544719696045,20220627_49
0.37037,0.90741,49,20,5,0.14690272510051727,0.4493698179721832,20220627_58
